{
    "but_pay": {
        "name": "but_pay_over.png",
        "confidence": 0.9,
        "grayscale": false,
        "src": "but_pay_over.gif"
    },
    "0_pps": {
        "name": "logo.png",
        "confidence": 0.8,
        "grayscale": true,
        "src": "logo.gif"
    },
    "1_payBill_a": {
        "name": "but_payBill_over.png",
        "confidence": 0.9,
        "grayscale": false,
        "src": "but_payBill_over.gif"
    },
    "1_payBill_b": {
        "name": "but_payBill.png",
        "confidence": 0.9,
        "grayscale": false,
        "src": "but_payBill.gif"
    },
    "2_proceed": {
        "name": "but_proceed.png",
        "confidence": 0.95,
        "grayscale": false,
        "src": "but_proceed.gif",
        "crop": [
            5,
            0,
            75,
            26
        ]
    },
    "3_cancel": {
        "name": "but_cancel.png",
        "confidence": 0.95,
        "grayscale": false,
        "src": "but_cancel.gif",
        "crop": [
            5,
            0,
            51,
            26
        ]
    },
    "3_pay": {
        "name": "but_pay2.png",
        "confidence": 0.95,
        "grayscale": false,
        "src": "but_pay2.gif",
        "crop": [
            5,
            0,
            51,
            26
        ]
    },
    "4_tick": {
        "name": "tick.png",
        "confidence": 0.8,
        "grayscale": true,
        "src": "tick.jpg"
    }
}