{
    "demo": {
        "wsd": [
            {
                "imgs": [
                    {
                        "name": "but_payBill_over.png",
                        "confidence": 0.9,
                        "grayscale": false,
                        "src": "but_payBill_over.gif"
                    },
                    {
                        "name": "but_payBill.png",
                        "confidence": 0.9,
                        "grayscale": false,
                        "src": "but_payBill.gif"
                    }
                ],
                "offset": {
                    "x": 0,
                    "y": 0
                },
                "t_wait": 1
            },
            {
                "imgs": [
                    {
                        "name": "t.png",
                        "confidence": 0.95,
                        "grayscale": true
                    }
                ],
                "offset": {
                    "x": -185.0,
                    "y": 0
                }
            },
            {
                "imgs": [
                    {
                        "name": "logo.png",
                        "confidence": 0.8,
                        "grayscale": true,
                        "src": "logo.gif"
                    }
                ],
                "t_wait": 1
            },
            {
                "imgs": [
                    {
                        "name": "but_proceed.png",
                        "confidence": 0.95,
                        "grayscale": false,
                        "src": "but_proceed.gif",
                        "crop": [
                            5,
                            0,
                            75,
                            26
                        ]
                    }
                ],
                "offset": {
                    "x": 52,
                    "y": -190
                },
                "amount_keys": true
            },
            {
                "imgs": [
                    {
                        "name": "but_proceed.png",
                        "confidence": 0.95,
                        "grayscale": false,
                        "src": "but_proceed.gif",
                        "crop": [
                            5,
                            0,
                            75,
                            26
                        ]
                    }
                ],
                "offset": {
                    "x": 0,
                    "y": 0
                },
                "t_wait": 1
            },
            {
                "imgs": [
                    {
                        "name": "but_cancel.png",
                        "confidence": 0.95,
                        "grayscale": false,
                        "src": "but_cancel.gif",
                        "crop": [
                            5,
                            0,
                            51,
                            26
                        ]
                    }
                ],
                "offset": {
                    "x": 0,
                    "y": 0
                },
                "t_wait": 1
            },
            {
                "imgs": [
                    {
                        "name": "but_cancel.png",
                        "confidence": 0.95,
                        "grayscale": false,
                        "src": "but_cancel.gif",
                        "crop": [
                            5,
                            0,
                            51,
                            26
                        ]
                    }
                ],
                "offset": {
                    "x": 0,
                    "y": 0
                }
            }
        ],
        "tax1": [
            {
                "imgs": [
                    {
                        "name": "but_payBill_over.png",
                        "confidence": 0.9,
                        "grayscale": false,
                        "src": "but_payBill_over.gif"
                    },
                    {
                        "name": "but_payBill.png",
                        "confidence": 0.9,
                        "grayscale": false,
                        "src": "but_payBill.gif"
                    }
                ],
                "offset": {
                    "x": 0,
                    "y": 0
                },
                "t_wait": 1
            },
            {
                "imgs": [
                    {
                        "name": "t.png",
                        "confidence": 0.95,
                        "grayscale": true
                    }
                ],
                "offset": {
                    "x": -185.0,
                    "y": 0
                }
            },
            {
                "imgs": [
                    {
                        "name": "logo.png",
                        "confidence": 0.8,
                        "grayscale": true,
                        "src": "logo.gif"
                    }
                ],
                "t_wait": 1
            },
            {
                "imgs": [
                    {
                        "name": "but_proceed.png",
                        "confidence": 0.95,
                        "grayscale": false,
                        "src": "but_proceed.gif",
                        "crop": [
                            5,
                            0,
                            75,
                            26
                        ]
                    }
                ],
                "offset": {
                    "x": 52,
                    "y": -190
                },
                "amount_keys": true
            },
            {
                "imgs": [
                    {
                        "name": "but_proceed.png",
                        "confidence": 0.95,
                        "grayscale": false,
                        "src": "but_proceed.gif",
                        "crop": [
                            5,
                            0,
                            75,
                            26
                        ]
                    }
                ],
                "offset": {
                    "x": 35,
                    "y": -220
                },
                "keys": "1"
            },
            {
                "imgs": [
                    {
                        "name": "but_proceed.png",
                        "confidence": 0.95,
                        "grayscale": false,
                        "src": "but_proceed.gif",
                        "crop": [
                            5,
                            0,
                            75,
                            26
                        ]
                    }
                ],
                "offset": {
                    "x": -92,
                    "y": -180
                }
            },
            {
                "imgs": [
                    {
                        "name": "but_proceed.png",
                        "confidence": 0.95,
                        "grayscale": false,
                        "src": "but_proceed.gif",
                        "crop": [
                            5,
                            0,
                            75,
                            26
                        ]
                    }
                ],
                "offset": {
                    "x": 0,
                    "y": 0
                },
                "t_wait": 1
            },
            {
                "imgs": [
                    {
                        "name": "but_cancel.png",
                        "confidence": 0.95,
                        "grayscale": false,
                        "src": "but_cancel.gif",
                        "crop": [
                            5,
                            0,
                            51,
                            26
                        ]
                    }
                ],
                "offset": {
                    "x": 0,
                    "y": 0
                },
                "t_wait": 1
            },
            {
                "imgs": [
                    {
                        "name": "but_cancel.png",
                        "confidence": 0.95,
                        "grayscale": false,
                        "src": "but_cancel.gif",
                        "crop": [
                            5,
                            0,
                            51,
                            26
                        ]
                    }
                ],
                "offset": {
                    "x": 0,
                    "y": 0
                }
            }
        ],
        "tax2": [
            {
                "imgs": [
                    {
                        "name": "but_payBill_over.png",
                        "confidence": 0.9,
                        "grayscale": false,
                        "src": "but_payBill_over.gif"
                    },
                    {
                        "name": "but_payBill.png",
                        "confidence": 0.9,
                        "grayscale": false,
                        "src": "but_payBill.gif"
                    }
                ],
                "offset": {
                    "x": 0,
                    "y": 0
                },
                "t_wait": 1
            },
            {
                "imgs": [
                    {
                        "name": "t.png",
                        "confidence": 0.95,
                        "grayscale": true
                    }
                ],
                "offset": {
                    "x": -185.0,
                    "y": 0
                }
            },
            {
                "imgs": [
                    {
                        "name": "logo.png",
                        "confidence": 0.8,
                        "grayscale": true,
                        "src": "logo.gif"
                    }
                ],
                "t_wait": 1
            },
            {
                "imgs": [
                    {
                        "name": "but_proceed.png",
                        "confidence": 0.95,
                        "grayscale": false,
                        "src": "but_proceed.gif",
                        "crop": [
                            5,
                            0,
                            75,
                            26
                        ]
                    }
                ],
                "offset": {
                    "x": 52,
                    "y": -190
                },
                "amount_keys": true
            },
            {
                "imgs": [
                    {
                        "name": "but_proceed.png",
                        "confidence": 0.95,
                        "grayscale": false,
                        "src": "but_proceed.gif",
                        "crop": [
                            5,
                            0,
                            75,
                            26
                        ]
                    }
                ],
                "offset": {
                    "x": 35,
                    "y": -220
                },
                "keys": "1"
            },
            {
                "imgs": [
                    {
                        "name": "but_proceed.png",
                        "confidence": 0.95,
                        "grayscale": false,
                        "src": "but_proceed.gif",
                        "crop": [
                            5,
                            0,
                            75,
                            26
                        ]
                    }
                ],
                "offset": {
                    "x": 8,
                    "y": -180
                }
            },
            {
                "imgs": [
                    {
                        "name": "but_proceed.png",
                        "confidence": 0.95,
                        "grayscale": false,
                        "src": "but_proceed.gif",
                        "crop": [
                            5,
                            0,
                            75,
                            26
                        ]
                    }
                ],
                "offset": {
                    "x": 0,
                    "y": 0
                },
                "t_wait": 1
            },
            {
                "imgs": [
                    {
                        "name": "but_cancel.png",
                        "confidence": 0.95,
                        "grayscale": false,
                        "src": "but_cancel.gif",
                        "crop": [
                            5,
                            0,
                            51,
                            26
                        ]
                    }
                ],
                "offset": {
                    "x": 0,
                    "y": 0
                },
                "t_wait": 1
            },
            {
                "imgs": [
                    {
                        "name": "but_cancel.png",
                        "confidence": 0.95,
                        "grayscale": false,
                        "src": "but_cancel.gif",
                        "crop": [
                            5,
                            0,
                            51,
                            26
                        ]
                    }
                ],
                "offset": {
                    "x": 0,
                    "y": 0
                }
            }
        ],
        "grr": [
            {
                "imgs": [
                    {
                        "name": "but_payBill_over.png",
                        "confidence": 0.9,
                        "grayscale": false,
                        "src": "but_payBill_over.gif"
                    },
                    {
                        "name": "but_payBill.png",
                        "confidence": 0.9,
                        "grayscale": false,
                        "src": "but_payBill.gif"
                    }
                ],
                "offset": {
                    "x": 0,
                    "y": 0
                },
                "t_wait": 1
            },
            {
                "imgs": [
                    {
                        "name": "t.png",
                        "confidence": 0.95,
                        "grayscale": true
                    }
                ],
                "offset": {
                    "x": -185.0,
                    "y": 0
                }
            },
            {
                "imgs": [
                    {
                        "name": "logo.png",
                        "confidence": 0.8,
                        "grayscale": true,
                        "src": "logo.gif"
                    }
                ],
                "t_wait": 1
            },
            {
                "imgs": [
                    {
                        "name": "but_proceed.png",
                        "confidence": 0.95,
                        "grayscale": false,
                        "src": "but_proceed.gif",
                        "crop": [
                            5,
                            0,
                            75,
                            26
                        ]
                    }
                ],
                "offset": {
                    "x": 52,
                    "y": -190
                },
                "amount_keys": true
            },
            {
                "imgs": [
                    {
                        "name": "but_proceed.png",
                        "confidence": 0.95,
                        "grayscale": false,
                        "src": "but_proceed.gif",
                        "crop": [
                            5,
                            0,
                            75,
                            26
                        ]
                    }
                ],
                "offset": {
                    "x": 0,
                    "y": 0
                },
                "t_wait": 1
            },
            {
                "imgs": [
                    {
                        "name": "but_cancel.png",
                        "confidence": 0.95,
                        "grayscale": false,
                        "src": "but_cancel.gif",
                        "crop": [
                            5,
                            0,
                            51,
                            26
                        ]
                    }
                ],
                "offset": {
                    "x": 0,
                    "y": 0
                },
                "t_wait": 1
            },
            {
                "imgs": [
                    {
                        "name": "but_cancel.png",
                        "confidence": 0.95,
                        "grayscale": false,
                        "src": "but_cancel.gif",
                        "crop": [
                            5,
                            0,
                            51,
                            26
                        ]
                    }
                ],
                "offset": {
                    "x": 0,
                    "y": 0
                }
            }
        ]
    },
    "real": {
        "wsd": [
            {
                "imgs": [
                    {
                        "name": "but_payBill_over.png",
                        "confidence": 0.9,
                        "grayscale": false,
                        "src": "but_payBill_over.gif"
                    },
                    {
                        "name": "but_payBill.png",
                        "confidence": 0.9,
                        "grayscale": false,
                        "src": "but_payBill.gif"
                    }
                ],
                "offset": {
                    "x": 0,
                    "y": 0
                },
                "t_wait": 1
            },
            {
                "imgs": [
                    {
                        "name": "t.png",
                        "confidence": 0.95,
                        "grayscale": true
                    }
                ],
                "offset": {
                    "x": -185.0,
                    "y": 0
                }
            },
            {
                "imgs": [
                    {
                        "name": "logo.png",
                        "confidence": 0.8,
                        "grayscale": true,
                        "src": "logo.gif"
                    }
                ],
                "t_wait": 1
            },
            {
                "imgs": [
                    {
                        "name": "but_proceed.png",
                        "confidence": 0.95,
                        "grayscale": false,
                        "src": "but_proceed.gif",
                        "crop": [
                            5,
                            0,
                            75,
                            26
                        ]
                    }
                ],
                "offset": {
                    "x": 52,
                    "y": -190
                },
                "amount_keys": true
            },
            {
                "imgs": [
                    {
                        "name": "but_proceed.png",
                        "confidence": 0.95,
                        "grayscale": false,
                        "src": "but_proceed.gif",
                        "crop": [
                            5,
                            0,
                            75,
                            26
                        ]
                    }
                ],
                "offset": {
                    "x": 0,
                    "y": 0
                },
                "t_wait": 1
            },
            {
                "imgs": [
                    {
                        "name": "but_pay2.png",
                        "confidence": 0.95,
                        "grayscale": false,
                        "src": "but_pay2.gif",
                        "crop": [
                            5,
                            0,
                            51,
                            26
                        ]
                    }
                ],
                "offset": {
                    "x": 0,
                    "y": 0
                },
                "t_wait": 1
            },
            {
                "imgs": [
                    {
                        "name": "tick.png",
                        "confidence": 0.8,
                        "grayscale": true,
                        "src": "tick.jpg"
                    }
                ],
                "offset": {
                    "x": 0,
                    "y": 0
                }
            }
        ],
        "tax1": [
            {
                "imgs": [
                    {
                        "name": "but_payBill_over.png",
                        "confidence": 0.9,
                        "grayscale": false,
                        "src": "but_payBill_over.gif"
                    },
                    {
                        "name": "but_payBill.png",
                        "confidence": 0.9,
                        "grayscale": false,
                        "src": "but_payBill.gif"
                    }
                ],
                "offset": {
                    "x": 0,
                    "y": 0
                },
                "t_wait": 1
            },
            {
                "imgs": [
                    {
                        "name": "t.png",
                        "confidence": 0.95,
                        "grayscale": true
                    }
                ],
                "offset": {
                    "x": -185.0,
                    "y": 0
                }
            },
            {
                "imgs": [
                    {
                        "name": "logo.png",
                        "confidence": 0.8,
                        "grayscale": true,
                        "src": "logo.gif"
                    }
                ],
                "t_wait": 1
            },
            {
                "imgs": [
                    {
                        "name": "but_proceed.png",
                        "confidence": 0.95,
                        "grayscale": false,
                        "src": "but_proceed.gif",
                        "crop": [
                            5,
                            0,
                            75,
                            26
                        ]
                    }
                ],
                "offset": {
                    "x": 52,
                    "y": -190
                },
                "amount_keys": true
            },
            {
                "imgs": [
                    {
                        "name": "but_proceed.png",
                        "confidence": 0.95,
                        "grayscale": false,
                        "src": "but_proceed.gif",
                        "crop": [
                            5,
                            0,
                            75,
                            26
                        ]
                    }
                ],
                "offset": {
                    "x": 35,
                    "y": -220
                },
                "keys": "1"
            },
            {
                "imgs": [
                    {
                        "name": "but_proceed.png",
                        "confidence": 0.95,
                        "grayscale": false,
                        "src": "but_proceed.gif",
                        "crop": [
                            5,
                            0,
                            75,
                            26
                        ]
                    }
                ],
                "offset": {
                    "x": -92,
                    "y": -180
                }
            },
            {
                "imgs": [
                    {
                        "name": "but_proceed.png",
                        "confidence": 0.95,
                        "grayscale": false,
                        "src": "but_proceed.gif",
                        "crop": [
                            5,
                            0,
                            75,
                            26
                        ]
                    }
                ],
                "offset": {
                    "x": 0,
                    "y": 0
                },
                "t_wait": 1
            },
            {
                "imgs": [
                    {
                        "name": "but_pay2.png",
                        "confidence": 0.95,
                        "grayscale": false,
                        "src": "but_pay2.gif",
                        "crop": [
                            5,
                            0,
                            51,
                            26
                        ]
                    }
                ],
                "offset": {
                    "x": 0,
                    "y": 0
                },
                "t_wait": 1
            },
            {
                "imgs": [
                    {
                        "name": "tick.png",
                        "confidence": 0.8,
                        "grayscale": true,
                        "src": "tick.jpg"
                    }
                ],
                "offset": {
                    "x": 0,
                    "y": 0
                }
            }
        ],
        "tax2": [
            {
                "imgs": [
                    {
                        "name": "but_payBill_over.png",
                        "confidence": 0.9,
                        "grayscale": false,
                        "src": "but_payBill_over.gif"
                    },
                    {
                        "name": "but_payBill.png",
                        "confidence": 0.9,
                        "grayscale": false,
                        "src": "but_payBill.gif"
                    }
                ],
                "offset": {
                    "x": 0,
                    "y": 0
                },
                "t_wait": 1
            },
            {
                "imgs": [
                    {
                        "name": "t.png",
                        "confidence": 0.95,
                        "grayscale": true
                    }
                ],
                "offset": {
                    "x": -185.0,
                    "y": 0
                }
            },
            {
                "imgs": [
                    {
                        "name": "logo.png",
                        "confidence": 0.8,
                        "grayscale": true,
                        "src": "logo.gif"
                    }
                ],
                "t_wait": 1
            },
            {
                "imgs": [
                    {
                        "name": "but_proceed.png",
                        "confidence": 0.95,
                        "grayscale": false,
                        "src": "but_proceed.gif",
                        "crop": [
                            5,
                            0,
                            75,
                            26
                        ]
                    }
                ],
                "offset": {
                    "x": 52,
                    "y": -190
                },
                "amount_keys": true
            },
            {
                "imgs": [
                    {
                        "name": "but_proceed.png",
                        "confidence": 0.95,
                        "grayscale": false,
                        "src": "but_proceed.gif",
                        "crop": [
                            5,
                            0,
                            75,
                            26
                        ]
                    }
                ],
                "offset": {
                    "x": 35,
                    "y": -220
                },
                "keys": "1"
            },
            {
                "imgs": [
                    {
                        "name": "but_proceed.png",
                        "confidence": 0.95,
                        "grayscale": false,
                        "src": "but_proceed.gif",
                        "crop": [
                            5,
                            0,
                            75,
                            26
                        ]
                    }
                ],
                "offset": {
                    "x": 8,
                    "y": -180
                }
            },
            {
                "imgs": [
                    {
                        "name": "but_proceed.png",
                        "confidence": 0.95,
                        "grayscale": false,
                        "src": "but_proceed.gif",
                        "crop": [
                            5,
                            0,
                            75,
                            26
                        ]
                    }
                ],
                "offset": {
                    "x": 0,
                    "y": 0
                },
                "t_wait": 1
            },
            {
                "imgs": [
                    {
                        "name": "but_pay2.png",
                        "confidence": 0.95,
                        "grayscale": false,
                        "src": "but_pay2.gif",
                        "crop": [
                            5,
                            0,
                            51,
                            26
                        ]
                    }
                ],
                "offset": {
                    "x": 0,
                    "y": 0
                },
                "t_wait": 1
            },
            {
                "imgs": [
                    {
                        "name": "tick.png",
                        "confidence": 0.8,
                        "grayscale": true,
                        "src": "tick.jpg"
                    }
                ],
                "offset": {
                    "x": 0,
                    "y": 0
                }
            }
        ],
        "grr": [
            {
                "imgs": [
                    {
                        "name": "but_payBill_over.png",
                        "confidence": 0.9,
                        "grayscale": false,
                        "src": "but_payBill_over.gif"
                    },
                    {
                        "name": "but_payBill.png",
                        "confidence": 0.9,
                        "grayscale": false,
                        "src": "but_payBill.gif"
                    }
                ],
                "offset": {
                    "x": 0,
                    "y": 0
                },
                "t_wait": 1
            },
            {
                "imgs": [
                    {
                        "name": "t.png",
                        "confidence": 0.95,
                        "grayscale": true
                    }
                ],
                "offset": {
                    "x": -185.0,
                    "y": 0
                }
            },
            {
                "imgs": [
                    {
                        "name": "logo.png",
                        "confidence": 0.8,
                        "grayscale": true,
                        "src": "logo.gif"
                    }
                ],
                "t_wait": 1
            },
            {
                "imgs": [
                    {
                        "name": "but_proceed.png",
                        "confidence": 0.95,
                        "grayscale": false,
                        "src": "but_proceed.gif",
                        "crop": [
                            5,
                            0,
                            75,
                            26
                        ]
                    }
                ],
                "offset": {
                    "x": 52,
                    "y": -190
                },
                "amount_keys": true
            },
            {
                "imgs": [
                    {
                        "name": "but_proceed.png",
                        "confidence": 0.95,
                        "grayscale": false,
                        "src": "but_proceed.gif",
                        "crop": [
                            5,
                            0,
                            75,
                            26
                        ]
                    }
                ],
                "offset": {
                    "x": 0,
                    "y": 0
                },
                "t_wait": 1
            },
            {
                "imgs": [
                    {
                        "name": "but_pay2.png",
                        "confidence": 0.95,
                        "grayscale": false,
                        "src": "but_pay2.gif",
                        "crop": [
                            5,
                            0,
                            51,
                            26
                        ]
                    }
                ],
                "offset": {
                    "x": 0,
                    "y": 0
                },
                "t_wait": 1
            },
            {
                "imgs": [
                    {
                        "name": "tick.png",
                        "confidence": 0.8,
                        "grayscale": true,
                        "src": "tick.jpg"
                    }
                ],
                "offset": {
                    "x": 0,
                    "y": 0
                }
            }
        ]
    }
}